{
  "bodyTypeName": "teen",
  "url": "https://liberatedpixelcup.github.io/Universal-LPC-Spritesheet-Character-Generator/#?body=Zombie_zombie&head=Zombie_light&sex=teen&wound_arm=Arm_arm&wound_brain=Brain_brain&wound_ribs=Ribs_ribs&wound_eye_left=Left_Eye_eye_left&wound_eye_right=Right_Eye_eye_right&wound_mouth=Mouth_mouth&hair=Xlong_dark_brown&headcover=Kerchief_walnut&bandages=none_Bandages&shoes=Ghillies_brown&weapon=none_Normal&ammo=none_Ammo",
  "spritesheets": "https://liberatedpixelcup.github.io/Universal-LPC-Spritesheet-Character-Generator/spritesheets/",
  "version": 1,
  "datetime": "3/6/2025, 8:43:38 AM",
  "credits": [
    {
      "fileName": "body/bodies/zombie/zombie.png",
      "licenses": "OGA-BY 3.0,CC-BY-SA 3.0,GPL 3.0",
      "authors": "Stephen Challener (Redshrike),Johannes Sjölund (wulax),Sander Frenken (castelonia),Benjamin K. Smith (BenCreating),bluecarrot16",
      "urls": "https://opengameart.org/content/liberated-pixel-cup-lpc-base-assets-sprites-map-tiles,https://opengameart.org/content/lpc-medieval-fantasy-character-sprites,https://opengameart.org/content/lpc-zombie,https://opengameart.org/content/lpc-character-bases",
      "notes": ""
    },
    {
      "fileName": "body/wound/arm.png",
      "licenses": "CC-BY-SA 3.0,GPL 3.0",
      "authors": "Benjamin K. Smith (BenCreating),Sander Frenken (castelonia)",
      "urls": "https://opengameart.org/content/lpc-zombie",
      "notes": ""
    },
    {
      "fileName": "body/wound/brain.png",
      "licenses": "CC-BY-SA 3.0,GPL 3.0",
      "authors": "Benjamin K. Smith (BenCreating),Sander Frenken (castelonia)",
      "urls": "https://opengameart.org/content/lpc-zombie",
      "notes": ""
    },
    {
      "fileName": "body/wound/ribs.png",
      "licenses": "CC-BY-SA 3.0,GPL 3.0",
      "authors": "Benjamin K. Smith (BenCreating),Sander Frenken (castelonia)",
      "urls": "https://opengameart.org/content/lpc-zombie",
      "notes": ""
    },
    {
      "fileName": "body/wound/eye_left.png",
      "licenses": "CC-BY-SA 3.0,GPL 3.0",
      "authors": "JaidynReiman,Benjamin K. Smith (BenCreating),Sander Frenken (castelonia)",
      "urls": "https://opengameart.org/content/lpc-zombie",
      "notes": "Zombie by BenCreating, commissioned by castelonia; flipped (left eye) variant by JaidynReiman"
    },
    {
      "fileName": "body/wound/eye_right.png",
      "licenses": "CC-BY-SA 3.0,GPL 3.0",
      "authors": "Benjamin K. Smith (BenCreating),Sander Frenken (castelonia)",
      "urls": "https://opengameart.org/content/lpc-zombie",
      "notes": ""
    },
    {
      "fileName": "body/wound/mouth.png",
      "licenses": "CC-BY-SA 3.0,GPL 3.0",
      "authors": "Benjamin K. Smith (BenCreating),Sander Frenken (castelonia)",
      "urls": "https://opengameart.org/content/lpc-zombie",
      "notes": ""
    },
    {
      "fileName": "head/heads/zombie/adult/light.png",
      "licenses": "CC-BY-SA 3.0,GPL 3.0",
      "authors": "bluecarrot16,Benjamin K. Smith (BenCreating),Sander Frenken (castelonia),Stephen Challener (Redshrike)",
      "urls": "https://opengameart.org/content/liberated-pixel-cup-lpc-base-assets-sprites-map-tiles,https://opengameart.org/content/lpc-zombie,https://opengameart.org/content/lpc-character-bases",
      "notes": ""
    },
    {
      "fileName": "hair/xlong/male/dark_brown.png",
      "licenses": "OGA-BY 3.0,CC-BY-SA 3.0,GPL 2.0,GPL 3.0",
      "authors": "Nila122",
      "urls": "https://opengameart.org/content/lpc-clothes-and-hair",
      "notes": ""
    },
    {
      "fileName": "hat/pirate/kerchief/adult/walnut.png",
      "licenses": "OGA-BY 3.0,CC-BY-SA 3.0,GPL 2.0,GPL 3.0",
      "authors": "bluecarrot16,JaidynReiman,Nila122",
      "urls": "https://opengameart.org/content/more-lpc-clothes-and-hair,https://opengameart.org/content/lpc-pirates,https://opengameart.org/content/lpc-expanded-hats-facial-helmets",
      "notes": "original Kerchief by Nila122, recolors by bluecarrot16, more frames by JaidynReiman"
    },
    {
      "fileName": "feet/shoes/ghillies/thin/brown.png",
      "licenses": "CC-BY-SA 3.0,GPL 3.0",
      "authors": "bluecarrot16,JaidynReiman,Thane Brimhall (pennomi),laetissima,Matthew Krohn (makrohn)",
      "urls": "https://opengameart.org/content/lpc-2-characters,http://opengameart.org/content/lpc-clothing-updates,https://opengameart.org/content/lpc-expanded-socks-shoes",
      "notes": "original by pennomi, laetissima and makrohn; edited for v3 bases by bluecarrot16, Jump/Sit/Emote/Run/Revised Combat by JaidynReiman"
    }
  ],
  "layers": [
    {
      "fileName": "body/bodies/zombie/zombie.png",
      "zPos": 10,
      "parentName": "body",
      "name": "Zombie",
      "variant": "zombie",
      "supportedAnimations": "spellcast,thrust,walk,slash,shoot,hurt,watering"
    },
    {
      "fileName": "body/wound/arm.png",
      "zPos": 15,
      "parentName": "wound_arm",
      "name": "Arm",
      "variant": "arm",
      "supportedAnimations": "spellcast,thrust,walk,slash,shoot,hurt,watering"
    },
    {
      "fileName": "body/wound/ribs.png",
      "zPos": 15,
      "parentName": "wound_ribs",
      "name": "Ribs",
      "variant": "ribs",
      "supportedAnimations": "spellcast,thrust,walk,slash,shoot,hurt,watering"
    },
    {
      "fileName": "feet/shoes/ghillies/thin/brown.png",
      "zPos": 15,
      "parentName": "shoes",
      "name": "Ghillies",
      "variant": "brown",
      "supportedAnimations": "spellcast,thrust,walk,slash,shoot,hurt,watering,idle,jump,run,sit,emote,climb,combat,1h_slash,1h_backslash,1h_halfslash"
    },
    {
      "fileName": "head/heads/zombie/adult/light.png",
      "zPos": 100,
      "parentName": "head",
      "name": "Zombie",
      "variant": "light",
      "supportedAnimations": "spellcast,thrust,walk,slash,shoot,hurt,watering,idle,jump,run,sit,emote,climb,combat,1h_slash,1h_backslash,1h_halfslash"
    },
    {
      "fileName": "body/wound/brain.png",
      "zPos": 115,
      "parentName": "wound_brain",
      "name": "Brain",
      "variant": "brain",
      "supportedAnimations": "spellcast,thrust,walk,slash,shoot,hurt,watering,idle,jump,run,sit,emote,climb,combat,1h_slash,1h_backslash,1h_halfslash"
    },
    {
      "fileName": "body/wound/eye_left.png",
      "zPos": 115,
      "parentName": "wound_eye_left",
      "name": "Left_Eye",
      "variant": "eye_left",
      "supportedAnimations": "spellcast,thrust,walk,slash,shoot,hurt,watering,idle,jump,run,sit,emote,climb,combat,1h_slash,1h_backslash,1h_halfslash"
    },
    {
      "fileName": "body/wound/eye_right.png",
      "zPos": 115,
      "parentName": "wound_eye_right",
      "name": "Right_Eye",
      "variant": "eye_right",
      "supportedAnimations": "spellcast,thrust,walk,slash,shoot,hurt,watering,idle,jump,run,sit,emote,climb,combat,1h_slash,1h_backslash,1h_halfslash"
    },
    {
      "fileName": "body/wound/mouth.png",
      "zPos": 115,
      "parentName": "wound_mouth",
      "name": "Mouth",
      "variant": "mouth",
      "supportedAnimations": "spellcast,thrust,walk,slash,shoot,hurt,watering,idle,jump,run,sit,emote,climb,combat,1h_slash,1h_backslash,1h_halfslash"
    },
    {
      "fileName": "hair/xlong/male/dark_brown.png",
      "zPos": 120,
      "parentName": "hair",
      "name": "Xlong",
      "variant": "dark brown",
      "supportedAnimations": "spellcast,thrust,walk,slash,shoot,hurt,watering"
    },
    {
      "fileName": "hat/pirate/kerchief/adult/walnut.png",
      "zPos": 125,
      "parentName": "headcover",
      "name": "Kerchief",
      "variant": "walnut",
      "supportedAnimations": "spellcast,thrust,walk,slash,shoot,hurt,watering,idle,jump,run,sit,emote,climb,combat,1h_slash,1h_backslash,1h_halfslash"
    }
  ]
}